<databaseChangeLog
        xmlns="http://www.liquibase.org/xml/ns/dbchangelog"
        xmlns:xsi="http://www.w3.org/2001/XMLSchema-instance"
        xsi:schemaLocation="http://www.liquibase.org/xml/ns/dbchangelog
                      http://www.liquibase.org/xml/ns/dbchangelog/dbchangelog-4.9.xsd">

    <changeSet id="1654676862977-o" author="Himanshi.Purohit">
        <createTable tableName="loan_request">
            <column name="id" type="BIGINT">
                <constraints nullable="false" primaryKey="true" primaryKeyName="pk_loan"/>
            </column>
            <!--<column name="userid" type="INT"/>
            <column name="loanType" type="VARCHAR(255)"/>
            <column name="requestedAmount" type="INT"/>
            <column name="age" type="INT"/>-->
        </createTable>
    </changeSet>
</databaseChangeLog>